{
    "doors": [
        {
            "assetId": "Doorway_Double_4",
            "assetPosition": {
                "x": 1.6071496199739683,
                "y": 1.0524564981460571,
                "z": 0
            },
            "holePolygon": [
                {
                    "x": 0.6108994869438518,
                    "y": 0,
                    "z": 0
                },
                {
                    "x": 2.6044643310753215,
                    "y": 2.1049129962921143,
                    "z": 0
                }
            ],
            "id": "door|1|2",
            "openable": false,
            "openness": 0,
            "room0": "room|2",
            "room1": "room|2",
            "wall0": "wall|2|0.00|0.00|0.00|3.80",
            "wall1": "wall|exterior|0.00|0.00|0.00|3.80"
        }
    ],
    "metadata": {
        "agent": {
            "horizon": 30,
            "position": {
                "x": 2.25,
                "y": 0.95,
                "z": 1.25
            },
            "rotation": {
                "x": 0,
                "y": 90,
                "z": 0
            },
            "standing": true
        },
        "roomSpecId": "living-room",
        "schema": "1.0.0",
        "warnings": {}
    },
    "objects": [
        {
            "assetId": "RoboTHOR_dining_table_jokkmokk_v",
            "children": [
                {
                    "assetId": "Mug_2",
                    "id": "small|2|0",
                    "kinematic": false,
                    "position": {
                        "x": 2.759888172149658,
                        "y": 0.8485210418701172,
                        "z": 3.007248878479004
                    },
                    "rotation": {
                        "x": 0.0,
                        "y": 270.0,
                        "z": 0.0
                    }
                },
                {
                    "assetId": "Cup_18",
                    "id": "small|2|1",
                    "kinematic": false,
                    "position": {
                        "x": 2.948747158050537,
                        "y": 0.8296553492546082,
                        "z": 3.6216349601745605
                    },
                    "rotation": {
                        "x": 0.0,
                        "y": 270.0,
                        "z": 0.0
                    }
                }
            ],
            "id": "2|0|0",
            "kinematic": true,
            "position": {
                "x": 2.9498734440800245,
                "y": 0.37084776163101196,
                "z": 3.170304045200348
            },
            "rotation": {
                "x": 0,
                "y": 270.0,
                "z": 0
            }
        },
        {
            "assetId": "Chair_210_1",
            "id": "2|0|1",
            "kinematic": true,
            "position": {
                "x": 3.4334805335995258,
                "y": 0.4161261022090912,
                "z": 3.170304045200348
            },
            "rotation": {
                "x": 0,
                "y": 249.20389622131847,
                "z": 0
            }
        },
        {
            "assetId": "Television_27",
            "id": "2|1",
            "kinematic": true,
            "position": {
                "x": 3.7359320713281634,
                "y": 1.3854090596124906,
                "z": 1.3285840045016792
            },
            "rotation": {
                "x": 0,
                "y": 270,
                "z": 0
            }
        },
        {
            "assetId": "Wall_Decor_Photo_1V",
            "id": "2|2",
            "kinematic": true,
            "position": {
                "x": 0.020870485454797746,
                "y": 1.0828681326565701,
                "z": 0.2676066085325089
            },
            "rotation": {
                "x": 0,
                "y": 90,
                "z": 0
            }
        },
        {
            "assetId": "Wall_Decor_Painting_9",
            "id": "2|3",
            "kinematic": true,
            "position": {
                "x": 0.2409454486209453,
                "y": 1.0379529419434927,
                "z": 3.7824252756387
            },
            "rotation": {
                "x": 0,
                "y": 180,
                "z": 0
            }
        }
    ],
    "proceduralParameters": {
        "ceilingMaterial": {
            "color": {
                "b": 0.796078431372549,
                "g": 0.8,
                "r": 0.7058823529411765
            },
            "name": "PureWhite"
        },
        "floorColliderThickness": 1.0,
        "lights": [
            {
                "id": "DirectionalLight",
                "indirectMultiplier": 1.0,
                "intensity": 1,
                "position": {
                    "x": 0.84,
                    "y": 0.1855,
                    "z": -1.09
                },
                "rgb": {
                    "b": 1.0,
                    "g": 1.0,
                    "r": 1.0
                },
                "rotation": {
                    "x": 66,
                    "y": 75,
                    "z": 0
                },
                "shadow": {
                    "bias": 0,
                    "nearPlane": 0.2,
                    "normalBias": 0,
                    "resolution": "FromQualitySettings",
                    "strength": 1,
                    "type": "Soft"
                },
                "type": "directional"
            },
            {
                "id": "light_2",
                "intensity": 0.45,
                "position": {
                    "x": 1.8984999999999999,
                    "y": 2.4906993563072315,
                    "z": 1.8984999999999999
                },
                "range": 15,
                "rgb": {
                    "b": 0.722,
                    "g": 0.855,
                    "r": 1.0
                },
                "shadow": {
                    "bias": 0.05,
                    "nearPlane": 0.2,
                    "normalBias": 0,
                    "resolution": "FromQualitySettings",
                    "strength": 1,
                    "type": "Soft"
                },
                "type": "point"
            }
        ],
        "receptacleHeight": 0.7,
        "reflections": [],
        "skyboxId": "SkySFDowntown"
    },
    "rooms": [
        {
            "ceilings": [],
            "children": [],
            "floorMaterial": {
                "name": "WhiteWood"
            },
            "floorPolygon": [
                {
                    "x": 0.0,
                    "y": 0,
                    "z": 0.0
                },
                {
                    "x": 0.0,
                    "y": 0,
                    "z": 3.797
                },
                {
                    "x": 3.797,
                    "y": 0,
                    "z": 3.797
                },
                {
                    "x": 3.797,
                    "y": 0,
                    "z": 0.0
                }
            ],
            "id": "room|2",
            "roomType": "LivingRoom"
        }
    ],
    "walls": [
        {
            "id": "wall|2|0.00|0.00|0.00|3.80",
            "material": {
                "color": {
                    "b": 0.25882352941176473,
                    "g": 0.26666666666666666,
                    "r": 0.2627450980392157
                },
                "name": "PureWhite"
            },
            "polygon": [
                {
                    "x": 0.0,
                    "y": 0,
                    "z": 0.0
                },
                {
                    "x": 0.0,
                    "y": 0,
                    "z": 3.797
                },
                {
                    "x": 0.0,
                    "y": 2.6906993563072317,